"","SID","FLDSID","SDATE","SITE","SUBSITE","REGION","FQC","TYPE","SUBTYPE","STUDY","SUBSTUDY","DEPTH","FLDCOMMENT","QCFLAG","FLDMETHOD","QCCOMMENT","LQC","HABITAT","DATAFILE","SPECIES","COMPONENT","LABNAME","LABSID","STORET","PARAMETER","LABAID","ADATE","RESULT","UNIT","MDL","PQL","REMARK","LABCOMMENT","QCFLAG.1","SID.1"
"1",2035217,"W281035",2019-04-10 09:09:00,"1WC7_A2",NA,"STA1W",NA,"SOIL NUTRIENT",NA,"STA P DYNAMICS","STA CELL",0.61,"Surficial soil type - Muck; Depth = total depth to bedrock (m)",NA,"SS CORE(10cm inner dia)",NA,NA,"STA MARSH","Agreement 4600003883 Del A2.1 and A2.2...xls",NA,NA,"DB LABS","W281035",NA,"BULK DENSITY","ASA 13",2019-04-19,0.38,"g/cc",0.001,0.004,NA,"Core Method used",NA,2035217
"2",2035217,"W281035",2019-04-10 09:09:00,"1WC7_A2",NA,"STA1W",NA,"SOIL NUTRIENT",NA,"STA P DYNAMICS","STA CELL",0.61,"Surficial soil type - Muck; Depth = total depth to bedrock (m)",NA,"SS CORE(10cm inner dia)",NA,NA,"STA MARSH","Agreement 4600003883 Del A2.1 and A2.2...xls",NA,NA,"DB LABS","W281035",NA,"TP","DBE SOP TP",2019-07-19,1550,"mg/kg",50,200,NA,NA,NA,2035217
"3",2035217,"W281035",2019-04-10 09:09:00,"1WC7_A2",NA,"STA1W",NA,"SOIL NUTRIENT",NA,"STA P DYNAMICS","STA CELL",0.61,"Surficial soil type - Muck; Depth = total depth to bedrock (m)",NA,"SS CORE(10cm inner dia)",NA,NA,"STA MARSH","Agreement 4600003883 Del A2.1 and A2.2...xls",NA,NA,"DB LABS","W281035",NA,"TN","DBE SOP MVP",2019-07-31,2.26,"%",0.085,0.34,NA,NA,NA,2035217
"4",2035217,"W281035",2019-04-10 09:09:00,"1WC7_A2",NA,"STA1W",NA,"SOIL NUTRIENT",NA,"STA P DYNAMICS","STA CELL",0.61,"Surficial soil type - Muck; Depth = total depth to bedrock (m)",NA,"SS CORE(10cm inner dia)",NA,NA,"STA MARSH","Agreement 4600003883 Del A2.1 and A2.2...xls",NA,NA,"DB LABS","W281035",NA,"TC","DBE SOP MVP",2019-07-31,39.5,"%",0.121,0.484,NA,NA,NA,2035217
"5",2035217,"W281035",2019-04-10 09:09:00,"1WC7_A2",NA,"STA1W",NA,"SOIL NUTRIENT",NA,"STA P DYNAMICS","STA CELL",0.61,"Surficial soil type - Muck; Depth = total depth to bedrock (m)",NA,"SS CORE(10cm inner dia)",NA,NA,"STA MARSH","Agreement 4600003883 Del A2.1 and A2.2...xls",NA,NA,"DB LABS","W281035",NA,"TOTAL CA","EPA/SW 3050B, EPA/SW7140",2019-07-17,80000,"mg/kg",2000,8000,NA,NA,NA,2035217
"6",2035217,"W281035",2019-04-10 09:09:00,"1WC7_A2",NA,"STA1W",NA,"SOIL NUTRIENT",NA,"STA P DYNAMICS","STA CELL",0.61,"Surficial soil type - Muck; Depth = total depth to bedrock (m)",NA,"SS CORE(10cm inner dia)",NA,NA,"STA MARSH","Agreement 4600003883 Del A2.1 and A2.2...xls",NA,NA,"DB LABS","W281035",NA,"AFDW","EPA/COE 3-59",2019-05-16,70.6,"%",1.35,5.4,NA,NA,NA,2035217
"7",2035211,"W281040",2019-04-10 11:48:00,"1WC7_B3",NA,"STA1W",NA,"SOIL NUTRIENT",NA,"STA P DYNAMICS","STA CELL",0.29,"Surficial soil type - Muck; Depth = total depth to bedrock (m)",NA,"SS CORE(10cm inner dia)",NA,NA,"STA MARSH","Agreement 4600003883 Del A2.1 and A2.2...xls",NA,NA,"DB LABS","W281040",NA,"BULK DENSITY","ASA 13",2019-04-19,0.27,"g/cc",0.001,0.004,NA,"Core Method used",NA,2035211
"8",2035211,"W281040",2019-04-10 11:48:00,"1WC7_B3",NA,"STA1W",NA,"SOIL NUTRIENT",NA,"STA P DYNAMICS","STA CELL",0.29,"Surficial soil type - Muck; Depth = total depth to bedrock (m)",NA,"SS CORE(10cm inner dia)",NA,NA,"STA MARSH","Agreement 4600003883 Del A2.1 and A2.2...xls",NA,NA,"DB LABS","W281040",NA,"TP","DBE SOP TP",2019-07-19,844,"mg/kg",10,40,NA,NA,NA,2035211
"9",2035211,"W281040",2019-04-10 11:48:00,"1WC7_B3",NA,"STA1W",NA,"SOIL NUTRIENT",NA,"STA P DYNAMICS","STA CELL",0.29,"Surficial soil type - Muck; Depth = total depth to bedrock (m)",NA,"SS CORE(10cm inner dia)",NA,NA,"STA MARSH","Agreement 4600003883 Del A2.1 and A2.2...xls",NA,NA,"DB LABS","W281040",NA,"TN","DBE SOP MVP",2019-07-31,2.33,"%",0.085,0.34,NA,NA,NA,2035211
"10",2035211,"W281040",2019-04-10 11:48:00,"1WC7_B3",NA,"STA1W",NA,"SOIL NUTRIENT",NA,"STA P DYNAMICS","STA CELL",0.29,"Surficial soil type - Muck; Depth = total depth to bedrock (m)",NA,"SS CORE(10cm inner dia)",NA,NA,"STA MARSH","Agreement 4600003883 Del A2.1 and A2.2...xls",NA,NA,"DB LABS","W281040",NA,"TC","DBE SOP MVP",2019-07-31,38.9,"%",0.121,0.484,NA,NA,NA,2035211
"11",2035211,"W281040",2019-04-10 11:48:00,"1WC7_B3",NA,"STA1W",NA,"SOIL NUTRIENT",NA,"STA P DYNAMICS","STA CELL",0.29,"Surficial soil type - Muck; Depth = total depth to bedrock (m)",NA,"SS CORE(10cm inner dia)",NA,NA,"STA MARSH","Agreement 4600003883 Del A2.1 and A2.2...xls",NA,NA,"DB LABS","W281040",NA,"TOTAL CA","EPA/SW 3050B, EPA/SW7140",2019-07-17,81000,"mg/kg",2000,8000,NA,NA,NA,2035211
"12",2035211,"W281040",2019-04-10 11:48:00,"1WC7_B3",NA,"STA1W",NA,"SOIL NUTRIENT",NA,"STA P DYNAMICS","STA CELL",0.29,"Surficial soil type - Muck; Depth = total depth to bedrock (m)",NA,"SS CORE(10cm inner dia)",NA,NA,"STA MARSH","Agreement 4600003883 Del A2.1 and A2.2...xls",NA,NA,"DB LABS","W281040",NA,"AFDW","EPA/COE 3-59",2019-05-16,67.1,"%",1.35,5.4,NA,NA,NA,2035211
"13",2035206,"W281042",2019-04-10 14:50:00,"1WC7_B5",NA,"STA1W",NA,"SOIL NUTRIENT",NA,"STA P DYNAMICS","STA CELL",0.43,"Surficial soil type - Muck; Depth = total depth to bedrock (m)",NA,"SS CORE(10cm inner dia)",NA,NA,"STA MARSH","Agreement 4600003883 Del A2.1 and A2.2...xls",NA,NA,"DB LABS","W281042",NA,"BULK DENSITY","ASA 13",2019-04-19,0.2,"g/cc",0.001,0.004,NA,"Core Method used",NA,2035206
"14",2035206,"W281042",2019-04-10 14:50:00,"1WC7_B5",NA,"STA1W",NA,"SOIL NUTRIENT",NA,"STA P DYNAMICS","STA CELL",0.43,"Surficial soil type - Muck; Depth = total depth to bedrock (m)",NA,"SS CORE(10cm inner dia)",NA,NA,"STA MARSH","Agreement 4600003883 Del A2.1 and A2.2...xls",NA,NA,"DB LABS","W281042",NA,"TP","DBE SOP TP",2019-07-19,838,"mg/kg",10,40,NA,NA,NA,2035206
"15",2035206,"W281042",2019-04-10 14:50:00,"1WC7_B5",NA,"STA1W",NA,"SOIL NUTRIENT",NA,"STA P DYNAMICS","STA CELL",0.43,"Surficial soil type - Muck; Depth = total depth to bedrock (m)",NA,"SS CORE(10cm inner dia)",NA,NA,"STA MARSH","Agreement 4600003883 Del A2.1 and A2.2...xls",NA,NA,"DB LABS","W281042",NA,"TN","DBE SOP MVP",2019-07-31,2.69,"%",0.085,0.34,NA,NA,NA,2035206
"16",2035206,"W281042",2019-04-10 14:50:00,"1WC7_B5",NA,"STA1W",NA,"SOIL NUTRIENT",NA,"STA P DYNAMICS","STA CELL",0.43,"Surficial soil type - Muck; Depth = total depth to bedrock (m)",NA,"SS CORE(10cm inner dia)",NA,NA,"STA MARSH","Agreement 4600003883 Del A2.1 and A2.2...xls",NA,NA,"DB LABS","W281042",NA,"TC","DBE SOP MVP",2019-07-31,44.9,"%",0.121,0.484,NA,NA,NA,2035206
"17",2035206,"W281042",2019-04-10 14:50:00,"1WC7_B5",NA,"STA1W",NA,"SOIL NUTRIENT",NA,"STA P DYNAMICS","STA CELL",0.43,"Surficial soil type - Muck; Depth = total depth to bedrock (m)",NA,"SS CORE(10cm inner dia)",NA,NA,"STA MARSH","Agreement 4600003883 Del A2.1 and A2.2...xls",NA,NA,"DB LABS","W281042",NA,"TOTAL CA","EPA/SW 3050B, EPA/SW7140",2019-07-17,51000,"mg/kg",2000,8000,NA,NA,NA,2035206
"18",2035206,"W281042",2019-04-10 14:50:00,"1WC7_B5",NA,"STA1W",NA,"SOIL NUTRIENT",NA,"STA P DYNAMICS","STA CELL",0.43,"Surficial soil type - Muck; Depth = total depth to bedrock (m)",NA,"SS CORE(10cm inner dia)",NA,NA,"STA MARSH","Agreement 4600003883 Del A2.1 and A2.2...xls",NA,NA,"DB LABS","W281042",NA,"AFDW","EPA/COE 3-59",2019-05-16,83.6,"%",1.35,5.4,NA,NA,NA,2035206
"19",2035218,"W281043",2019-04-10 09:45:00,"1WC7_C2",NA,"STA1W",NA,"SOIL NUTRIENT",NA,"STA P DYNAMICS","STA CELL",0.66,"Surficial soil type - Muck; Depth = total depth to bedrock (m)",NA,"SS CORE(10cm inner dia)",NA,NA,"STA MARSH","Agreement 4600003883 Del A2.1 and A2.2...xls",NA,NA,"DB LABS","W281043",NA,"BULK DENSITY","ASA 13",2019-04-19,0.35,"g/cc",0.001,0.004,NA,"Core Method used",NA,2035218
"20",2035218,"W281043",2019-04-10 09:45:00,"1WC7_C2",NA,"STA1W",NA,"SOIL NUTRIENT",NA,"STA P DYNAMICS","STA CELL",0.66,"Surficial soil type - Muck; Depth = total depth to bedrock (m)",NA,"SS CORE(10cm inner dia)",NA,NA,"STA MARSH","Agreement 4600003883 Del A2.1 and A2.2...xls",NA,NA,"DB LABS","W281043",NA,"TP","DBE SOP TP",2019-07-19,1850,"mg/kg",50,200,NA,NA,NA,2035218
"21",2035218,"W281043",2019-04-10 09:45:00,"1WC7_C2",NA,"STA1W",NA,"SOIL NUTRIENT",NA,"STA P DYNAMICS","STA CELL",0.66,"Surficial soil type - Muck; Depth = total depth to bedrock (m)",NA,"SS CORE(10cm inner dia)",NA,NA,"STA MARSH","Agreement 4600003883 Del A2.1 and A2.2...xls",NA,NA,"DB LABS","W281043",NA,"TN","DBE SOP MVP",2019-07-31,2.25,"%",0.085,0.34,NA,NA,NA,2035218
"22",2035218,"W281043",2019-04-10 09:45:00,"1WC7_C2",NA,"STA1W",NA,"SOIL NUTRIENT",NA,"STA P DYNAMICS","STA CELL",0.66,"Surficial soil type - Muck; Depth = total depth to bedrock (m)",NA,"SS CORE(10cm inner dia)",NA,NA,"STA MARSH","Agreement 4600003883 Del A2.1 and A2.2...xls",NA,NA,"DB LABS","W281043",NA,"TC","DBE SOP MVP",2019-07-31,42.2,"%",0.121,0.484,NA,NA,NA,2035218
"23",2035218,"W281043",2019-04-10 09:45:00,"1WC7_C2",NA,"STA1W",NA,"SOIL NUTRIENT",NA,"STA P DYNAMICS","STA CELL",0.66,"Surficial soil type - Muck; Depth = total depth to bedrock (m)",NA,"SS CORE(10cm inner dia)",NA,NA,"STA MARSH","Agreement 4600003883 Del A2.1 and A2.2...xls",NA,NA,"DB LABS","W281043",NA,"TOTAL CA","EPA/SW 3050B, EPA/SW7140",2019-07-17,69000,"mg/kg",2000,8000,NA,NA,NA,2035218
"24",2035218,"W281043",2019-04-10 09:45:00,"1WC7_C2",NA,"STA1W",NA,"SOIL NUTRIENT",NA,"STA P DYNAMICS","STA CELL",0.66,"Surficial soil type - Muck; Depth = total depth to bedrock (m)",NA,"SS CORE(10cm inner dia)",NA,NA,"STA MARSH","Agreement 4600003883 Del A2.1 and A2.2...xls",NA,NA,"DB LABS","W281043",NA,"AFDW","EPA/COE 3-59",2019-05-16,76.3,"%",1.35,5.4,NA,NA,NA,2035218
"25",2035207,"W281050",2019-04-10 14:19:00,"1WC7_D5",NA,"STA1W",NA,"SOIL NUTRIENT",NA,"STA P DYNAMICS","STA CELL",0.53,"Surficial soil type - Marl; Depth = total depth to bedrock (m)",NA,"SS CORE(10cm inner dia)",NA,NA,"STA MARSH","Agreement 4600003883 Del A2.1 and A2.2...xls",NA,NA,"DB LABS","W281050",NA,"BULK DENSITY","ASA 13",2019-04-19,0.59,"g/cc",0.001,0.004,NA,"Core Method used",NA,2035207
"26",2035207,"W281050",2019-04-10 14:19:00,"1WC7_D5",NA,"STA1W",NA,"SOIL NUTRIENT",NA,"STA P DYNAMICS","STA CELL",0.53,"Surficial soil type - Marl; Depth = total depth to bedrock (m)",NA,"SS CORE(10cm inner dia)",NA,NA,"STA MARSH","Agreement 4600003883 Del A2.1 and A2.2...xls",NA,NA,"DB LABS","W281050",NA,"TP","DBE SOP TP",2019-07-19,350,"mg/kg",50,200,NA,NA,NA,2035207
"27",2035207,"W281050",2019-04-10 14:19:00,"1WC7_D5",NA,"STA1W",NA,"SOIL NUTRIENT",NA,"STA P DYNAMICS","STA CELL",0.53,"Surficial soil type - Marl; Depth = total depth to bedrock (m)",NA,"SS CORE(10cm inner dia)",NA,NA,"STA MARSH","Agreement 4600003883 Del A2.1 and A2.2...xls",NA,NA,"DB LABS","W281050",NA,"TN","DBE SOP MVP",2019-07-31,0.384,"%",0.085,0.34,NA,NA,NA,2035207
"28",2035207,"W281050",2019-04-10 14:19:00,"1WC7_D5",NA,"STA1W",NA,"SOIL NUTRIENT",NA,"STA P DYNAMICS","STA CELL",0.53,"Surficial soil type - Marl; Depth = total depth to bedrock (m)",NA,"SS CORE(10cm inner dia)",NA,NA,"STA MARSH","Agreement 4600003883 Del A2.1 and A2.2...xls",NA,NA,"DB LABS","W281050",NA,"TC","DBE SOP MVP",2019-07-31,15.7,"%",0.121,0.484,NA,NA,NA,2035207
"29",2035207,"W281050",2019-04-10 14:19:00,"1WC7_D5",NA,"STA1W",NA,"SOIL NUTRIENT",NA,"STA P DYNAMICS","STA CELL",0.53,"Surficial soil type - Marl; Depth = total depth to bedrock (m)",NA,"SS CORE(10cm inner dia)",NA,NA,"STA MARSH","Agreement 4600003883 Del A2.1 and A2.2...xls",NA,NA,"DB LABS","W281050",NA,"TOTAL CA","EPA/SW 3050B, EPA/SW7140",2019-07-17,258000,"mg/kg",4000,16000,NA,NA,NA,2035207
"30",2035207,"W281050",2019-04-10 14:19:00,"1WC7_D5",NA,"STA1W",NA,"SOIL NUTRIENT",NA,"STA P DYNAMICS","STA CELL",0.53,"Surficial soil type - Marl; Depth = total depth to bedrock (m)",NA,"SS CORE(10cm inner dia)",NA,NA,"STA MARSH","Agreement 4600003883 Del A2.1 and A2.2...xls",NA,NA,"DB LABS","W281050",NA,"AFDW","EPA/COE 3-59",2019-05-16,17,"%",1.35,5.4,NA,NA,NA,2035207
"31",2035202,"W281051",2019-04-10 10:13:00,"1WC7_E2",NA,"STA1W",NA,"SOIL NUTRIENT",NA,"STA P DYNAMICS","STA CELL",0.87,"Surficial soil type - Muck; Depth = total depth to bedrock (m)",NA,"SS CORE(10cm inner dia)",NA,NA,"STA MARSH","Agreement 4600003883 Del A2.1 and A2.2...xls",NA,NA,"DB LABS","W281051",NA,"BULK DENSITY","ASA 13",2019-04-19,0.23,"g/cc",0.001,0.004,NA,"Core Method used",NA,2035202
"32",2035202,"W281051",2019-04-10 10:13:00,"1WC7_E2",NA,"STA1W",NA,"SOIL NUTRIENT",NA,"STA P DYNAMICS","STA CELL",0.87,"Surficial soil type - Muck; Depth = total depth to bedrock (m)",NA,"SS CORE(10cm inner dia)",NA,NA,"STA MARSH","Agreement 4600003883 Del A2.1 and A2.2...xls",NA,NA,"DB LABS","W281051",NA,"TP","DBE SOP TP",2019-07-19,847,"mg/kg",50,200,NA,NA,NA,2035202
"33",2035202,"W281051",2019-04-10 10:13:00,"1WC7_E2",NA,"STA1W",NA,"SOIL NUTRIENT",NA,"STA P DYNAMICS","STA CELL",0.87,"Surficial soil type - Muck; Depth = total depth to bedrock (m)",NA,"SS CORE(10cm inner dia)",NA,NA,"STA MARSH","Agreement 4600003883 Del A2.1 and A2.2...xls",NA,NA,"DB LABS","W281051",NA,"TN","DBE SOP MVP",2019-07-31,2.68,"%",0.085,0.34,NA,NA,NA,2035202
"34",2035202,"W281051",2019-04-10 10:13:00,"1WC7_E2",NA,"STA1W",NA,"SOIL NUTRIENT",NA,"STA P DYNAMICS","STA CELL",0.87,"Surficial soil type - Muck; Depth = total depth to bedrock (m)",NA,"SS CORE(10cm inner dia)",NA,NA,"STA MARSH","Agreement 4600003883 Del A2.1 and A2.2...xls",NA,NA,"DB LABS","W281051",NA,"TC","DBE SOP MVP",2019-07-31,47,"%",0.121,0.484,NA,NA,NA,2035202
"35",2035202,"W281051",2019-04-10 10:13:00,"1WC7_E2",NA,"STA1W",NA,"SOIL NUTRIENT",NA,"STA P DYNAMICS","STA CELL",0.87,"Surficial soil type - Muck; Depth = total depth to bedrock (m)",NA,"SS CORE(10cm inner dia)",NA,NA,"STA MARSH","Agreement 4600003883 Del A2.1 and A2.2...xls",NA,NA,"DB LABS","W281051",NA,"TOTAL CA","EPA/SW 3050B, EPA/SW7140",2019-07-17,43000,"mg/kg",2000,8000,NA,NA,NA,2035202
"36",2035202,"W281051",2019-04-10 10:13:00,"1WC7_E2",NA,"STA1W",NA,"SOIL NUTRIENT",NA,"STA P DYNAMICS","STA CELL",0.87,"Surficial soil type - Muck; Depth = total depth to bedrock (m)",NA,"SS CORE(10cm inner dia)",NA,NA,"STA MARSH","Agreement 4600003883 Del A2.1 and A2.2...xls",NA,NA,"DB LABS","W281051",NA,"AFDW","EPA/COE 3-59",2019-05-16,84.6,"%",1.35,5.4,NA,NA,NA,2035202
"37",2035219,"W281053",2019-04-10 12:55:00,"1WC7_E4",NA,"STA1W",NA,"SOIL NUTRIENT",NA,"STA P DYNAMICS","STA CELL",0.32,"Surficial soil type - Muck; Depth = total depth to bedrock (m)",NA,"SS CORE(10cm inner dia)",NA,NA,"STA MARSH","Agreement 4600003883 Del A2.1 and A2.2...xls",NA,NA,"DB LABS","W281053",NA,"BULK DENSITY","ASA 13",2019-04-19,0.26,"g/cc",0.001,0.004,NA,"Core Method used",NA,2035219
"38",2035219,"W281053",2019-04-10 12:55:00,"1WC7_E4",NA,"STA1W",NA,"SOIL NUTRIENT",NA,"STA P DYNAMICS","STA CELL",0.32,"Surficial soil type - Muck; Depth = total depth to bedrock (m)",NA,"SS CORE(10cm inner dia)",NA,NA,"STA MARSH","Agreement 4600003883 Del A2.1 and A2.2...xls",NA,NA,"DB LABS","W281053",NA,"TP","DBE SOP TP",2019-07-19,788,"mg/kg",50,200,NA,NA,NA,2035219
"39",2035219,"W281053",2019-04-10 12:55:00,"1WC7_E4",NA,"STA1W",NA,"SOIL NUTRIENT",NA,"STA P DYNAMICS","STA CELL",0.32,"Surficial soil type - Muck; Depth = total depth to bedrock (m)",NA,"SS CORE(10cm inner dia)",NA,NA,"STA MARSH","Agreement 4600003883 Del A2.1 and A2.2...xls",NA,NA,"DB LABS","W281053",NA,"TN","DBE SOP MVP",2019-07-31,2.32,"%",0.085,0.34,NA,NA,NA,2035219
"40",2035219,"W281053",2019-04-10 12:55:00,"1WC7_E4",NA,"STA1W",NA,"SOIL NUTRIENT",NA,"STA P DYNAMICS","STA CELL",0.32,"Surficial soil type - Muck; Depth = total depth to bedrock (m)",NA,"SS CORE(10cm inner dia)",NA,NA,"STA MARSH","Agreement 4600003883 Del A2.1 and A2.2...xls",NA,NA,"DB LABS","W281053",NA,"TC","DBE SOP MVP",2019-07-31,42.7,"%",0.121,0.484,NA,NA,NA,2035219
"41",2035219,"W281053",2019-04-10 12:55:00,"1WC7_E4",NA,"STA1W",NA,"SOIL NUTRIENT",NA,"STA P DYNAMICS","STA CELL",0.32,"Surficial soil type - Muck; Depth = total depth to bedrock (m)",NA,"SS CORE(10cm inner dia)",NA,NA,"STA MARSH","Agreement 4600003883 Del A2.1 and A2.2...xls",NA,NA,"DB LABS","W281053",NA,"TOTAL CA","EPA/SW 3050B, EPA/SW7140",2019-07-17,47000,"mg/kg",2000,8000,NA,NA,NA,2035219
"42",2035219,"W281053",2019-04-10 12:55:00,"1WC7_E4",NA,"STA1W",NA,"SOIL NUTRIENT",NA,"STA P DYNAMICS","STA CELL",0.32,"Surficial soil type - Muck; Depth = total depth to bedrock (m)",NA,"SS CORE(10cm inner dia)",NA,NA,"STA MARSH","Agreement 4600003883 Del A2.1 and A2.2...xls",NA,NA,"DB LABS","W281053",NA,"AFDW","EPA/COE 3-59",2019-05-16,80.7,"%",1.35,5.4,NA,NA,NA,2035219
"43",2035214,"W281055",2019-04-10 10:26:00,"1WC7_F1",NA,"STA1W",NA,"SOIL NUTRIENT",NA,"STA P DYNAMICS","STA CELL",0.43,"Surficial soil type - Muck; Depth = total depth to bedrock (m)",NA,"SS CORE(10cm inner dia)",NA,NA,"STA MARSH","Agreement 4600003883 Del A2.1 and A2.2...xls",NA,NA,"DB LABS","W281055",NA,"BULK DENSITY","ASA 13",2019-04-19,0.57,"g/cc",0.001,0.004,NA,"Core Method used",NA,2035214
"44",2035214,"W281055",2019-04-10 10:26:00,"1WC7_F1",NA,"STA1W",NA,"SOIL NUTRIENT",NA,"STA P DYNAMICS","STA CELL",0.43,"Surficial soil type - Muck; Depth = total depth to bedrock (m)",NA,"SS CORE(10cm inner dia)",NA,NA,"STA MARSH","Agreement 4600003883 Del A2.1 and A2.2...xls",NA,NA,"DB LABS","W281055",NA,"TP","DBE SOP TP",2019-07-19,618,"mg/kg",50,200,NA,NA,NA,2035214
"45",2035214,"W281055",2019-04-10 10:26:00,"1WC7_F1",NA,"STA1W",NA,"SOIL NUTRIENT",NA,"STA P DYNAMICS","STA CELL",0.43,"Surficial soil type - Muck; Depth = total depth to bedrock (m)",NA,"SS CORE(10cm inner dia)",NA,NA,"STA MARSH","Agreement 4600003883 Del A2.1 and A2.2...xls",NA,NA,"DB LABS","W281055",NA,"TN","DBE SOP MVP",2019-07-31,0.934,"%",0.085,0.34,NA,NA,NA,2035214
"46",2035214,"W281055",2019-04-10 10:26:00,"1WC7_F1",NA,"STA1W",NA,"SOIL NUTRIENT",NA,"STA P DYNAMICS","STA CELL",0.43,"Surficial soil type - Muck; Depth = total depth to bedrock (m)",NA,"SS CORE(10cm inner dia)",NA,NA,"STA MARSH","Agreement 4600003883 Del A2.1 and A2.2...xls",NA,NA,"DB LABS","W281055",NA,"TC","DBE SOP MVP",2019-07-31,24.7,"%",0.121,0.484,NA,NA,NA,2035214
"47",2035214,"W281055",2019-04-10 10:26:00,"1WC7_F1",NA,"STA1W",NA,"SOIL NUTRIENT",NA,"STA P DYNAMICS","STA CELL",0.43,"Surficial soil type - Muck; Depth = total depth to bedrock (m)",NA,"SS CORE(10cm inner dia)",NA,NA,"STA MARSH","Agreement 4600003883 Del A2.1 and A2.2...xls",NA,NA,"DB LABS","W281055",NA,"TOTAL CA","EPA/SW 3050B, EPA/SW7140",2019-07-17,229000,"mg/kg",4000,16000,NA,NA,NA,2035214
"48",2035214,"W281055",2019-04-10 10:26:00,"1WC7_F1",NA,"STA1W",NA,"SOIL NUTRIENT",NA,"STA P DYNAMICS","STA CELL",0.43,"Surficial soil type - Muck; Depth = total depth to bedrock (m)",NA,"SS CORE(10cm inner dia)",NA,NA,"STA MARSH","Agreement 4600003883 Del A2.1 and A2.2...xls",NA,NA,"DB LABS","W281055",NA,"AFDW","EPA/COE 3-59",2019-05-16,32.7,"%",1.35,5.4,NA,NA,NA,2035214
"49",2035200,"W281059",2019-04-10 13:48:00,"1WC7_F5",NA,"STA1W",NA,"SOIL NUTRIENT",NA,"STA P DYNAMICS","STA CELL",0.33,"Surficial soil type - Muck; Depth = total depth to bedrock (m)",NA,"SS CORE(10cm inner dia)",NA,NA,"STA MARSH","Agreement 4600003883 Del A2.1 and A2.2...xls",NA,NA,"DB LABS","W281059",NA,"BULK DENSITY","ASA 13",2019-04-19,0.18,"g/cc",0.001,0.004,NA,"Core Method used",NA,2035200
"50",2035200,"W281059",2019-04-10 13:48:00,"1WC7_F5",NA,"STA1W",NA,"SOIL NUTRIENT",NA,"STA P DYNAMICS","STA CELL",0.33,"Surficial soil type - Muck; Depth = total depth to bedrock (m)",NA,"SS CORE(10cm inner dia)",NA,NA,"STA MARSH","Agreement 4600003883 Del A2.1 and A2.2...xls",NA,NA,"DB LABS","W281059",NA,"TP","DBE SOP TP",2019-07-19,978,"mg/kg",50,200,NA,NA,NA,2035200
"51",2035200,"W281059",2019-04-10 13:48:00,"1WC7_F5",NA,"STA1W",NA,"SOIL NUTRIENT",NA,"STA P DYNAMICS","STA CELL",0.33,"Surficial soil type - Muck; Depth = total depth to bedrock (m)",NA,"SS CORE(10cm inner dia)",NA,NA,"STA MARSH","Agreement 4600003883 Del A2.1 and A2.2...xls",NA,NA,"DB LABS","W281059",NA,"TN","DBE SOP MVP",2019-07-31,2.58,"%",0.085,0.34,NA,NA,NA,2035200
"52",2035200,"W281059",2019-04-10 13:48:00,"1WC7_F5",NA,"STA1W",NA,"SOIL NUTRIENT",NA,"STA P DYNAMICS","STA CELL",0.33,"Surficial soil type - Muck; Depth = total depth to bedrock (m)",NA,"SS CORE(10cm inner dia)",NA,NA,"STA MARSH","Agreement 4600003883 Del A2.1 and A2.2...xls",NA,NA,"DB LABS","W281059",NA,"TC","DBE SOP MVP",2019-07-31,42.3,"%",0.121,0.484,NA,NA,NA,2035200
"53",2035200,"W281059",2019-04-10 13:48:00,"1WC7_F5",NA,"STA1W",NA,"SOIL NUTRIENT",NA,"STA P DYNAMICS","STA CELL",0.33,"Surficial soil type - Muck; Depth = total depth to bedrock (m)",NA,"SS CORE(10cm inner dia)",NA,NA,"STA MARSH","Agreement 4600003883 Del A2.1 and A2.2...xls",NA,NA,"DB LABS","W281059",NA,"TOTAL CA","EPA/SW 3050B, EPA/SW7140",2019-07-17,73000,"mg/kg",2000,8000,NA,NA,NA,2035200
"54",2035200,"W281059",2019-04-10 13:48:00,"1WC7_F5",NA,"STA1W",NA,"SOIL NUTRIENT",NA,"STA P DYNAMICS","STA CELL",0.33,"Surficial soil type - Muck; Depth = total depth to bedrock (m)",NA,"SS CORE(10cm inner dia)",NA,NA,"STA MARSH","Agreement 4600003883 Del A2.1 and A2.2...xls",NA,NA,"DB LABS","W281059",NA,"AFDW","EPA/COE 3-59",2019-05-16,75.6,"%",1.35,5.4,NA,NA,NA,2035200
"55",2035223,"W281061",2019-04-11 13:04:00,"1WC8_A2",NA,"STA1W",NA,"SOIL NUTRIENT",NA,"STA P DYNAMICS","STA CELL",0.33,"Surficial soil type - Muck; Depth = total depth to bedrock (m)",NA,"SS CORE(10cm inner dia)",NA,NA,"STA MARSH","Agreement 4600003883 Del A2.1 and A2.2...xls",NA,NA,"DB LABS","W281061",NA,"BULK DENSITY","ASA 13",2019-04-19,0.29,"g/cc",0.001,0.004,NA,"Core Method used",NA,2035223
"56",2035223,"W281061",2019-04-11 13:04:00,"1WC8_A2",NA,"STA1W",NA,"SOIL NUTRIENT",NA,"STA P DYNAMICS","STA CELL",0.33,"Surficial soil type - Muck; Depth = total depth to bedrock (m)",NA,"SS CORE(10cm inner dia)",NA,NA,"STA MARSH","Agreement 4600003883 Del A2.1 and A2.2...xls",NA,NA,"DB LABS","W281061",NA,"TP","DBE SOP TP",2019-07-19,1190,"mg/kg",50,200,NA,NA,NA,2035223
"57",2035223,"W281061",2019-04-11 13:04:00,"1WC8_A2",NA,"STA1W",NA,"SOIL NUTRIENT",NA,"STA P DYNAMICS","STA CELL",0.33,"Surficial soil type - Muck; Depth = total depth to bedrock (m)",NA,"SS CORE(10cm inner dia)",NA,NA,"STA MARSH","Agreement 4600003883 Del A2.1 and A2.2...xls",NA,NA,"DB LABS","W281061",NA,"TN","DBE SOP MVP",2019-07-31,2.66,"%",0.085,0.34,NA,NA,NA,2035223
"58",2035223,"W281061",2019-04-11 13:04:00,"1WC8_A2",NA,"STA1W",NA,"SOIL NUTRIENT",NA,"STA P DYNAMICS","STA CELL",0.33,"Surficial soil type - Muck; Depth = total depth to bedrock (m)",NA,"SS CORE(10cm inner dia)",NA,NA,"STA MARSH","Agreement 4600003883 Del A2.1 and A2.2...xls",NA,NA,"DB LABS","W281061",NA,"TC","DBE SOP MVP",2019-07-31,44.8,"%",0.121,0.484,NA,NA,NA,2035223
"59",2035223,"W281061",2019-04-11 13:04:00,"1WC8_A2",NA,"STA1W",NA,"SOIL NUTRIENT",NA,"STA P DYNAMICS","STA CELL",0.33,"Surficial soil type - Muck; Depth = total depth to bedrock (m)",NA,"SS CORE(10cm inner dia)",NA,NA,"STA MARSH","Agreement 4600003883 Del A2.1 and A2.2...xls",NA,NA,"DB LABS","W281061",NA,"TOTAL CA","EPA/SW 3050B, EPA/SW7140",2019-07-17,55000,"mg/kg",2000,8000,NA,NA,NA,2035223
"60",2035223,"W281061",2019-04-11 13:04:00,"1WC8_A2",NA,"STA1W",NA,"SOIL NUTRIENT",NA,"STA P DYNAMICS","STA CELL",0.33,"Surficial soil type - Muck; Depth = total depth to bedrock (m)",NA,"SS CORE(10cm inner dia)",NA,NA,"STA MARSH","Agreement 4600003883 Del A2.1 and A2.2...xls",NA,NA,"DB LABS","W281061",NA,"AFDW","EPA/COE 3-59",2019-05-16,78.7,"%",1.35,5.4,NA,NA,NA,2035223
"61",2035224,"W281064",2019-04-11 12:40:00,"1WC8_A5",NA,"STA1W",NA,"SOIL NUTRIENT",NA,"STA P DYNAMICS","STA CELL",0.74,"Surficial soil type - Muck; Depth = total depth to bedrock (m)",NA,"SS CORE(10cm inner dia)",NA,NA,"STA MARSH","Agreement 4600003883 Del A2.1 and A2.2...xls",NA,NA,"DB LABS","W281064",NA,"BULK DENSITY","ASA 13",2019-04-19,0.26,"g/cc",0.001,0.004,NA,"Core Method used",NA,2035224
"62",2035224,"W281064",2019-04-11 12:40:00,"1WC8_A5",NA,"STA1W",NA,"SOIL NUTRIENT",NA,"STA P DYNAMICS","STA CELL",0.74,"Surficial soil type - Muck; Depth = total depth to bedrock (m)",NA,"SS CORE(10cm inner dia)",NA,NA,"STA MARSH","Agreement 4600003883 Del A2.1 and A2.2...xls",NA,NA,"DB LABS","W281064",NA,"TP","DBE SOP TP",2019-07-19,869,"mg/kg",50,200,NA,NA,NA,2035224
"63",2035224,"W281064",2019-04-11 12:40:00,"1WC8_A5",NA,"STA1W",NA,"SOIL NUTRIENT",NA,"STA P DYNAMICS","STA CELL",0.74,"Surficial soil type - Muck; Depth = total depth to bedrock (m)",NA,"SS CORE(10cm inner dia)",NA,NA,"STA MARSH","Agreement 4600003883 Del A2.1 and A2.2...xls",NA,NA,"DB LABS","W281064",NA,"TN","DBE SOP MVP",2019-07-31,2.39,"%",0.085,0.34,NA,NA,NA,2035224
"64",2035224,"W281064",2019-04-11 12:40:00,"1WC8_A5",NA,"STA1W",NA,"SOIL NUTRIENT",NA,"STA P DYNAMICS","STA CELL",0.74,"Surficial soil type - Muck; Depth = total depth to bedrock (m)",NA,"SS CORE(10cm inner dia)",NA,NA,"STA MARSH","Agreement 4600003883 Del A2.1 and A2.2...xls",NA,NA,"DB LABS","W281064",NA,"TC","DBE SOP MVP",2019-07-31,42.8,"%",0.121,0.484,NA,NA,NA,2035224
"65",2035224,"W281064",2019-04-11 12:40:00,"1WC8_A5",NA,"STA1W",NA,"SOIL NUTRIENT",NA,"STA P DYNAMICS","STA CELL",0.74,"Surficial soil type - Muck; Depth = total depth to bedrock (m)",NA,"SS CORE(10cm inner dia)",NA,NA,"STA MARSH","Agreement 4600003883 Del A2.1 and A2.2...xls",NA,NA,"DB LABS","W281064",NA,"TOTAL CA","EPA/SW 3050B, EPA/SW7140",2019-07-17,52000,"mg/kg",2000,8000,NA,NA,NA,2035224
"66",2035224,"W281064",2019-04-11 12:40:00,"1WC8_A5",NA,"STA1W",NA,"SOIL NUTRIENT",NA,"STA P DYNAMICS","STA CELL",0.74,"Surficial soil type - Muck; Depth = total depth to bedrock (m)",NA,"SS CORE(10cm inner dia)",NA,NA,"STA MARSH","Agreement 4600003883 Del A2.1 and A2.2...xls",NA,NA,"DB LABS","W281064",NA,"AFDW","EPA/COE 3-59",2019-05-16,81.2,"%",1.35,5.4,NA,NA,NA,2035224
"67",2035227,"W281065",2019-04-11 13:38:00,"1WC8_A6",NA,"STA1W",NA,"SOIL NUTRIENT",NA,"STA P DYNAMICS","STA CELL",0.76,"Surficial soil type - Muck; Depth = total depth to bedrock (m)",NA,"SS CORE(10cm inner dia)",NA,NA,"STA MARSH","Agreement 4600003883 Del A2.1 and A2.2...xls",NA,NA,"DB LABS","W281065",NA,"BULK DENSITY","ASA 13",2019-04-19,0.28,"g/cc",0.001,0.004,NA,"Core Method used",NA,2035227
"68",2035227,"W281065",2019-04-11 13:38:00,"1WC8_A6",NA,"STA1W",NA,"SOIL NUTRIENT",NA,"STA P DYNAMICS","STA CELL",0.76,"Surficial soil type - Muck; Depth = total depth to bedrock (m)",NA,"SS CORE(10cm inner dia)",NA,NA,"STA MARSH","Agreement 4600003883 Del A2.1 and A2.2...xls",NA,NA,"DB LABS","W281065",NA,"TP","DBE SOP TP",2019-07-19,890,"mg/kg",50,200,NA,NA,NA,2035227
"69",2035227,"W281065",2019-04-11 13:38:00,"1WC8_A6",NA,"STA1W",NA,"SOIL NUTRIENT",NA,"STA P DYNAMICS","STA CELL",0.76,"Surficial soil type - Muck; Depth = total depth to bedrock (m)",NA,"SS CORE(10cm inner dia)",NA,NA,"STA MARSH","Agreement 4600003883 Del A2.1 and A2.2...xls",NA,NA,"DB LABS","W281065",NA,"TN","DBE SOP MVP",2019-07-31,1.9,"%",0.085,0.34,NA,NA,NA,2035227
"70",2035227,"W281065",2019-04-11 13:38:00,"1WC8_A6",NA,"STA1W",NA,"SOIL NUTRIENT",NA,"STA P DYNAMICS","STA CELL",0.76,"Surficial soil type - Muck; Depth = total depth to bedrock (m)",NA,"SS CORE(10cm inner dia)",NA,NA,"STA MARSH","Agreement 4600003883 Del A2.1 and A2.2...xls",NA,NA,"DB LABS","W281065",NA,"TC","DBE SOP MVP",2019-07-31,34.6,"%",0.121,0.484,NA,NA,NA,2035227
"71",2035227,"W281065",2019-04-11 13:38:00,"1WC8_A6",NA,"STA1W",NA,"SOIL NUTRIENT",NA,"STA P DYNAMICS","STA CELL",0.76,"Surficial soil type - Muck; Depth = total depth to bedrock (m)",NA,"SS CORE(10cm inner dia)",NA,NA,"STA MARSH","Agreement 4600003883 Del A2.1 and A2.2...xls",NA,NA,"DB LABS","W281065",NA,"TOTAL CA","EPA/SW 3050B, EPA/SW7140",2019-07-17,108000,"mg/kg",2000,8000,NA,NA,NA,2035227
"72",2035227,"W281065",2019-04-11 13:38:00,"1WC8_A6",NA,"STA1W",NA,"SOIL NUTRIENT",NA,"STA P DYNAMICS","STA CELL",0.76,"Surficial soil type - Muck; Depth = total depth to bedrock (m)",NA,"SS CORE(10cm inner dia)",NA,NA,"STA MARSH","Agreement 4600003883 Del A2.1 and A2.2...xls",NA,NA,"DB LABS","W281065",NA,"AFDW","EPA/COE 3-59",2019-05-16,60.4,"%",1.35,5.4,NA,NA,NA,2035227
"73",2035228,"W281068",2019-04-11 11:33:00,"1WC8_B3",NA,"STA1W",NA,"SOIL NUTRIENT",NA,"STA P DYNAMICS","STA CELL",0.25,"Surficial soil type - Muck; Depth = total depth to bedrock (m)",NA,"SS CORE(10cm inner dia)",NA,NA,"STA MARSH","Agreement 4600003883 Del A2.1 and A2.2...xls",NA,NA,"DB LABS","W281068",NA,"BULK DENSITY","ASA 13",2019-04-19,0.25,"g/cc",0.001,0.004,NA,"Core Method used",NA,2035228
"74",2035228,"W281068",2019-04-11 11:33:00,"1WC8_B3",NA,"STA1W",NA,"SOIL NUTRIENT",NA,"STA P DYNAMICS","STA CELL",0.25,"Surficial soil type - Muck; Depth = total depth to bedrock (m)",NA,"SS CORE(10cm inner dia)",NA,NA,"STA MARSH","Agreement 4600003883 Del A2.1 and A2.2...xls",NA,NA,"DB LABS","W281068",NA,"TP","DBE SOP TP",2019-07-19,743,"mg/kg",50,200,NA,NA,NA,2035228
"75",2035228,"W281068",2019-04-11 11:33:00,"1WC8_B3",NA,"STA1W",NA,"SOIL NUTRIENT",NA,"STA P DYNAMICS","STA CELL",0.25,"Surficial soil type - Muck; Depth = total depth to bedrock (m)",NA,"SS CORE(10cm inner dia)",NA,NA,"STA MARSH","Agreement 4600003883 Del A2.1 and A2.2...xls",NA,NA,"DB LABS","W281068",NA,"TN","DBE SOP MVP",2019-07-31,2.44,"%",0.085,0.34,NA,NA,NA,2035228
"76",2035228,"W281068",2019-04-11 11:33:00,"1WC8_B3",NA,"STA1W",NA,"SOIL NUTRIENT",NA,"STA P DYNAMICS","STA CELL",0.25,"Surficial soil type - Muck; Depth = total depth to bedrock (m)",NA,"SS CORE(10cm inner dia)",NA,NA,"STA MARSH","Agreement 4600003883 Del A2.1 and A2.2...xls",NA,NA,"DB LABS","W281068",NA,"TC","DBE SOP MVP",2019-07-31,45,"%",0.121,0.484,NA,NA,NA,2035228
"77",2035228,"W281068",2019-04-11 11:33:00,"1WC8_B3",NA,"STA1W",NA,"SOIL NUTRIENT",NA,"STA P DYNAMICS","STA CELL",0.25,"Surficial soil type - Muck; Depth = total depth to bedrock (m)",NA,"SS CORE(10cm inner dia)",NA,NA,"STA MARSH","Agreement 4600003883 Del A2.1 and A2.2...xls",NA,NA,"DB LABS","W281068",NA,"TOTAL CA","EPA/SW 3050B, EPA/SW7140",2019-07-17,49000,"mg/kg",2000,8000,NA,NA,NA,2035228
"78",2035228,"W281068",2019-04-11 11:33:00,"1WC8_B3",NA,"STA1W",NA,"SOIL NUTRIENT",NA,"STA P DYNAMICS","STA CELL",0.25,"Surficial soil type - Muck; Depth = total depth to bedrock (m)",NA,"SS CORE(10cm inner dia)",NA,NA,"STA MARSH","Agreement 4600003883 Del A2.1 and A2.2...xls",NA,NA,"DB LABS","W281068",NA,"AFDW","EPA/COE 3-59",2019-05-16,82.2,"%",1.35,5.4,NA,NA,NA,2035228
"79",2035225,"W281073",2019-04-11 11:06:00,"1WC8_C2",NA,"STA1W",NA,"SOIL NUTRIENT",NA,"STA P DYNAMICS","STA CELL",0.7,"Surficial soil type - Muck; Depth = total depth to bedrock (m)",NA,"SS CORE(10cm inner dia)",NA,NA,"STA MARSH","Agreement 4600003883 Del A2.1 and A2.2...xls",NA,NA,"DB LABS","W281073",NA,"BULK DENSITY","ASA 13",2019-04-19,0.27,"g/cc",0.001,0.004,NA,"Core Method used",NA,2035225
"80",2035225,"W281073",2019-04-11 11:06:00,"1WC8_C2",NA,"STA1W",NA,"SOIL NUTRIENT",NA,"STA P DYNAMICS","STA CELL",0.7,"Surficial soil type - Muck; Depth = total depth to bedrock (m)",NA,"SS CORE(10cm inner dia)",NA,NA,"STA MARSH","Agreement 4600003883 Del A2.1 and A2.2...xls",NA,NA,"DB LABS","W281073",NA,"TP","DBE SOP TP",2019-07-19,730,"mg/kg",50,200,NA,NA,NA,2035225
"81",2035225,"W281073",2019-04-11 11:06:00,"1WC8_C2",NA,"STA1W",NA,"SOIL NUTRIENT",NA,"STA P DYNAMICS","STA CELL",0.7,"Surficial soil type - Muck; Depth = total depth to bedrock (m)",NA,"SS CORE(10cm inner dia)",NA,NA,"STA MARSH","Agreement 4600003883 Del A2.1 and A2.2...xls",NA,NA,"DB LABS","W281073",NA,"TN","DBE SOP MVP",2019-07-31,2.77,"%",0.085,0.34,NA,NA,NA,2035225
"82",2035225,"W281073",2019-04-11 11:06:00,"1WC8_C2",NA,"STA1W",NA,"SOIL NUTRIENT",NA,"STA P DYNAMICS","STA CELL",0.7,"Surficial soil type - Muck; Depth = total depth to bedrock (m)",NA,"SS CORE(10cm inner dia)",NA,NA,"STA MARSH","Agreement 4600003883 Del A2.1 and A2.2...xls",NA,NA,"DB LABS","W281073",NA,"TC","DBE SOP MVP",2019-07-31,47.7,"%",0.121,0.484,NA,NA,NA,2035225
"83",2035225,"W281073",2019-04-11 11:06:00,"1WC8_C2",NA,"STA1W",NA,"SOIL NUTRIENT",NA,"STA P DYNAMICS","STA CELL",0.7,"Surficial soil type - Muck; Depth = total depth to bedrock (m)",NA,"SS CORE(10cm inner dia)",NA,NA,"STA MARSH","Agreement 4600003883 Del A2.1 and A2.2...xls",NA,NA,"DB LABS","W281073",NA,"TOTAL CA","EPA/SW 3050B, EPA/SW7140",2019-07-17,44000,"mg/kg",2000,8000,NA,NA,NA,2035225
"84",2035225,"W281073",2019-04-11 11:06:00,"1WC8_C2",NA,"STA1W",NA,"SOIL NUTRIENT",NA,"STA P DYNAMICS","STA CELL",0.7,"Surficial soil type - Muck; Depth = total depth to bedrock (m)",NA,"SS CORE(10cm inner dia)",NA,NA,"STA MARSH","Agreement 4600003883 Del A2.1 and A2.2...xls",NA,NA,"DB LABS","W281073",NA,"AFDW","EPA/COE 3-59",2019-05-16,83.7,"%",1.35,5.4,NA,NA,NA,2035225
"85",2035203,"W281076",2019-04-11 14:10:00,"1WC8_C5",NA,"STA1W",NA,"SOIL NUTRIENT",NA,"STA P DYNAMICS","STA CELL",0.4,"Surficial soil type - Muck; Depth = total depth to bedrock (m)",NA,"SS CORE(10cm inner dia)",NA,NA,"STA MARSH","Agreement 4600003883 Del A2.1 and A2.2...xls",NA,NA,"DB LABS","W281076",NA,"BULK DENSITY","ASA 13",2019-04-19,0.27,"g/cc",0.001,0.004,NA,"Core Method used",NA,2035203
"86",2035203,"W281076",2019-04-11 14:10:00,"1WC8_C5",NA,"STA1W",NA,"SOIL NUTRIENT",NA,"STA P DYNAMICS","STA CELL",0.4,"Surficial soil type - Muck; Depth = total depth to bedrock (m)",NA,"SS CORE(10cm inner dia)",NA,NA,"STA MARSH","Agreement 4600003883 Del A2.1 and A2.2...xls",NA,NA,"DB LABS","W281076",NA,"TP","DBE SOP TP",2019-07-19,662,"mg/kg",50,200,NA,NA,NA,2035203
"87",2035203,"W281076",2019-04-11 14:10:00,"1WC8_C5",NA,"STA1W",NA,"SOIL NUTRIENT",NA,"STA P DYNAMICS","STA CELL",0.4,"Surficial soil type - Muck; Depth = total depth to bedrock (m)",NA,"SS CORE(10cm inner dia)",NA,NA,"STA MARSH","Agreement 4600003883 Del A2.1 and A2.2...xls",NA,NA,"DB LABS","W281076",NA,"TN","DBE SOP MVP",2019-07-31,2.33,"%",0.085,0.34,NA,NA,NA,2035203
"88",2035203,"W281076",2019-04-11 14:10:00,"1WC8_C5",NA,"STA1W",NA,"SOIL NUTRIENT",NA,"STA P DYNAMICS","STA CELL",0.4,"Surficial soil type - Muck; Depth = total depth to bedrock (m)",NA,"SS CORE(10cm inner dia)",NA,NA,"STA MARSH","Agreement 4600003883 Del A2.1 and A2.2...xls",NA,NA,"DB LABS","W281076",NA,"TC","DBE SOP MVP",2019-07-31,45.3,"%",0.121,0.484,NA,NA,NA,2035203
"89",2035203,"W281076",2019-04-11 14:10:00,"1WC8_C5",NA,"STA1W",NA,"SOIL NUTRIENT",NA,"STA P DYNAMICS","STA CELL",0.4,"Surficial soil type - Muck; Depth = total depth to bedrock (m)",NA,"SS CORE(10cm inner dia)",NA,NA,"STA MARSH","Agreement 4600003883 Del A2.1 and A2.2...xls",NA,NA,"DB LABS","W281076",NA,"TOTAL CA","EPA/SW 3050B, EPA/SW7140",2019-07-17,42000,"mg/kg",2000,8000,NA,NA,NA,2035203
"90",2035203,"W281076",2019-04-11 14:10:00,"1WC8_C5",NA,"STA1W",NA,"SOIL NUTRIENT",NA,"STA P DYNAMICS","STA CELL",0.4,"Surficial soil type - Muck; Depth = total depth to bedrock (m)",NA,"SS CORE(10cm inner dia)",NA,NA,"STA MARSH","Agreement 4600003883 Del A2.1 and A2.2...xls",NA,NA,"DB LABS","W281076",NA,"AFDW","EPA/COE 3-59",2019-05-16,84.2,"%",1.35,5.4,NA,NA,NA,2035203
"91",2035212,"W281078",2019-04-11 09:37:00,"1WC8_D1",NA,"STA1W",NA,"SOIL NUTRIENT",NA,"STA P DYNAMICS","STA CELL",0.52,"Surficial soil type - Muck; Depth = total depth to bedrock (m)",NA,"SS CORE(10cm inner dia)",NA,NA,"STA MARSH","Agreement 4600003883 Del A2.1 and A2.2...xls",NA,NA,"DB LABS","W281078",NA,"BULK DENSITY","ASA 13",2019-04-19,0.27,"g/cc",0.001,0.004,NA,"Core Method used",NA,2035212
"92",2035212,"W281078",2019-04-11 09:37:00,"1WC8_D1",NA,"STA1W",NA,"SOIL NUTRIENT",NA,"STA P DYNAMICS","STA CELL",0.52,"Surficial soil type - Muck; Depth = total depth to bedrock (m)",NA,"SS CORE(10cm inner dia)",NA,NA,"STA MARSH","Agreement 4600003883 Del A2.1 and A2.2...xls",NA,NA,"DB LABS","W281078",NA,"TP","DBE SOP TP",2019-07-19,703,"mg/kg",50,200,NA,NA,NA,2035212
"93",2035212,"W281078",2019-04-11 09:37:00,"1WC8_D1",NA,"STA1W",NA,"SOIL NUTRIENT",NA,"STA P DYNAMICS","STA CELL",0.52,"Surficial soil type - Muck; Depth = total depth to bedrock (m)",NA,"SS CORE(10cm inner dia)",NA,NA,"STA MARSH","Agreement 4600003883 Del A2.1 and A2.2...xls",NA,NA,"DB LABS","W281078",NA,"TN","DBE SOP MVP",2019-07-31,2.43,"%",0.085,0.34,NA,NA,NA,2035212
"94",2035212,"W281078",2019-04-11 09:37:00,"1WC8_D1",NA,"STA1W",NA,"SOIL NUTRIENT",NA,"STA P DYNAMICS","STA CELL",0.52,"Surficial soil type - Muck; Depth = total depth to bedrock (m)",NA,"SS CORE(10cm inner dia)",NA,NA,"STA MARSH","Agreement 4600003883 Del A2.1 and A2.2...xls",NA,NA,"DB LABS","W281078",NA,"TC","DBE SOP MVP",2019-07-31,46.1,"%",0.121,0.484,NA,NA,NA,2035212
"95",2035212,"W281078",2019-04-11 09:37:00,"1WC8_D1",NA,"STA1W",NA,"SOIL NUTRIENT",NA,"STA P DYNAMICS","STA CELL",0.52,"Surficial soil type - Muck; Depth = total depth to bedrock (m)",NA,"SS CORE(10cm inner dia)",NA,NA,"STA MARSH","Agreement 4600003883 Del A2.1 and A2.2...xls",NA,NA,"DB LABS","W281078",NA,"TOTAL CA","EPA/SW 3050B, EPA/SW7140",2019-07-17,44000,"mg/kg",2000,8000,NA,NA,NA,2035212
"96",2035212,"W281078",2019-04-11 09:37:00,"1WC8_D1",NA,"STA1W",NA,"SOIL NUTRIENT",NA,"STA P DYNAMICS","STA CELL",0.52,"Surficial soil type - Muck; Depth = total depth to bedrock (m)",NA,"SS CORE(10cm inner dia)",NA,NA,"STA MARSH","Agreement 4600003883 Del A2.1 and A2.2...xls",NA,NA,"DB LABS","W281078",NA,"AFDW","EPA/COE 3-59",2019-05-16,84.8,"%",1.35,5.4,NA,NA,NA,2035212
"97",2035229,"W281080",2019-04-11 10:32:00,"1WC8_D3",NA,"STA1W",NA,"SOIL NUTRIENT",NA,"STA P DYNAMICS","STA CELL",0.36,"Surficial soil type - Muck; Depth = total depth to bedrock (m)",NA,"SS CORE(10cm inner dia)",NA,NA,"STA MARSH","Agreement 4600003883 Del A2.1 and A2.2...xls",NA,NA,"DB LABS","W281080",NA,"BULK DENSITY","ASA 13",2019-04-19,0.28,"g/cc",0.001,0.004,NA,"Core Method used",NA,2035229
"98",2035229,"W281080",2019-04-11 10:32:00,"1WC8_D3",NA,"STA1W",NA,"SOIL NUTRIENT",NA,"STA P DYNAMICS","STA CELL",0.36,"Surficial soil type - Muck; Depth = total depth to bedrock (m)",NA,"SS CORE(10cm inner dia)",NA,NA,"STA MARSH","Agreement 4600003883 Del A2.1 and A2.2...xls",NA,NA,"DB LABS","W281080",NA,"TP","DBE SOP TP",2019-07-19,784,"mg/kg",50,200,NA,NA,NA,2035229
"99",2035229,"W281080",2019-04-11 10:32:00,"1WC8_D3",NA,"STA1W",NA,"SOIL NUTRIENT",NA,"STA P DYNAMICS","STA CELL",0.36,"Surficial soil type - Muck; Depth = total depth to bedrock (m)",NA,"SS CORE(10cm inner dia)",NA,NA,"STA MARSH","Agreement 4600003883 Del A2.1 and A2.2...xls",NA,NA,"DB LABS","W281080",NA,"TN","DBE SOP MVP",2019-07-31,2.57,"%",0.085,0.34,NA,NA,NA,2035229
"100",2035229,"W281080",2019-04-11 10:32:00,"1WC8_D3",NA,"STA1W",NA,"SOIL NUTRIENT",NA,"STA P DYNAMICS","STA CELL",0.36,"Surficial soil type - Muck; Depth = total depth to bedrock (m)",NA,"SS CORE(10cm inner dia)",NA,NA,"STA MARSH","Agreement 4600003883 Del A2.1 and A2.2...xls",NA,NA,"DB LABS","W281080",NA,"TC","DBE SOP MVP",2019-07-31,46.7,"%",0.121,0.484,NA,NA,NA,2035229
"101",2035229,"W281080",2019-04-11 10:32:00,"1WC8_D3",NA,"STA1W",NA,"SOIL NUTRIENT",NA,"STA P DYNAMICS","STA CELL",0.36,"Surficial soil type - Muck; Depth = total depth to bedrock (m)",NA,"SS CORE(10cm inner dia)",NA,NA,"STA MARSH","Agreement 4600003883 Del A2.1 and A2.2...xls",NA,NA,"DB LABS","W281080",NA,"TOTAL CA","EPA/SW 3050B, EPA/SW7140",2019-07-17,47000,"mg/kg",2000,8000,NA,NA,NA,2035229
"102",2035229,"W281080",2019-04-11 10:32:00,"1WC8_D3",NA,"STA1W",NA,"SOIL NUTRIENT",NA,"STA P DYNAMICS","STA CELL",0.36,"Surficial soil type - Muck; Depth = total depth to bedrock (m)",NA,"SS CORE(10cm inner dia)",NA,NA,"STA MARSH","Agreement 4600003883 Del A2.1 and A2.2...xls",NA,NA,"DB LABS","W281080",NA,"AFDW","EPA/COE 3-59",2019-05-16,83.6,"%",1.35,5.4,NA,NA,NA,2035229
"103",2035208,"W281084",2019-04-11 06:06:00,"1WC8_E2",NA,"STA1W",NA,"SOIL NUTRIENT",NA,"STA P DYNAMICS","STA CELL",0.81,"Surficial soil type - Muck; Depth = total depth to bedrock (m)",NA,"SS CORE(10cm inner dia)",NA,NA,"STA MARSH","Agreement 4600003883 Del A2.1 and A2.2...xls",NA,NA,"DB LABS","W281084",NA,"BULK DENSITY","ASA 13",2019-04-19,0.24,"g/cc",0.001,0.004,NA,"Core Method used",NA,2035208
"104",2035208,"W281084",2019-04-11 06:06:00,"1WC8_E2",NA,"STA1W",NA,"SOIL NUTRIENT",NA,"STA P DYNAMICS","STA CELL",0.81,"Surficial soil type - Muck; Depth = total depth to bedrock (m)",NA,"SS CORE(10cm inner dia)",NA,NA,"STA MARSH","Agreement 4600003883 Del A2.1 and A2.2...xls",NA,NA,"DB LABS","W281084",NA,"TP","DBE SOP TP",2019-07-19,717,"mg/kg",50,200,NA,NA,NA,2035208
"105",2035208,"W281084",2019-04-11 06:06:00,"1WC8_E2",NA,"STA1W",NA,"SOIL NUTRIENT",NA,"STA P DYNAMICS","STA CELL",0.81,"Surficial soil type - Muck; Depth = total depth to bedrock (m)",NA,"SS CORE(10cm inner dia)",NA,NA,"STA MARSH","Agreement 4600003883 Del A2.1 and A2.2...xls",NA,NA,"DB LABS","W281084",NA,"TN","DBE SOP MVP",2019-07-31,2.42,"%",0.085,0.34,NA,NA,NA,2035208
"106",2035208,"W281084",2019-04-11 06:06:00,"1WC8_E2",NA,"STA1W",NA,"SOIL NUTRIENT",NA,"STA P DYNAMICS","STA CELL",0.81,"Surficial soil type - Muck; Depth = total depth to bedrock (m)",NA,"SS CORE(10cm inner dia)",NA,NA,"STA MARSH","Agreement 4600003883 Del A2.1 and A2.2...xls",NA,NA,"DB LABS","W281084",NA,"TC","DBE SOP MVP",2019-07-31,45.2,"%",0.121,0.484,NA,NA,NA,2035208
"107",2035208,"W281084",2019-04-11 06:06:00,"1WC8_E2",NA,"STA1W",NA,"SOIL NUTRIENT",NA,"STA P DYNAMICS","STA CELL",0.81,"Surficial soil type - Muck; Depth = total depth to bedrock (m)",NA,"SS CORE(10cm inner dia)",NA,NA,"STA MARSH","Agreement 4600003883 Del A2.1 and A2.2...xls",NA,NA,"DB LABS","W281084",NA,"TOTAL CA","EPA/SW 3050B, EPA/SW7140",2019-07-17,54000,"mg/kg",2000,8000,NA,NA,NA,2035208
"108",2035208,"W281084",2019-04-11 06:06:00,"1WC8_E2",NA,"STA1W",NA,"SOIL NUTRIENT",NA,"STA P DYNAMICS","STA CELL",0.81,"Surficial soil type - Muck; Depth = total depth to bedrock (m)",NA,"SS CORE(10cm inner dia)",NA,NA,"STA MARSH","Agreement 4600003883 Del A2.1 and A2.2...xls",NA,NA,"DB LABS","W281084",NA,"AFDW","EPA/COE 3-59",2019-05-16,81.1,"%",1.35,5.4,NA,NA,NA,2035208
"109",2035230,"W281086",2019-04-11 14:50:00,"1WC8_E4",NA,"STA1W",NA,"SOIL NUTRIENT",NA,"STA P DYNAMICS","STA CELL",0.84,"Surficial soil type - Muck; Depth = total depth to bedrock (m)",NA,"SS CORE(10cm inner dia)",NA,NA,"STA MARSH","Agreement 4600003883 Del A2.1 and A2.2...xls",NA,NA,"DB LABS","W281086",NA,"BULK DENSITY","ASA 13",2019-04-19,0.25,"g/cc",0.001,0.004,NA,"Core Method used",NA,2035230
"110",2035230,"W281086",2019-04-11 14:50:00,"1WC8_E4",NA,"STA1W",NA,"SOIL NUTRIENT",NA,"STA P DYNAMICS","STA CELL",0.84,"Surficial soil type - Muck; Depth = total depth to bedrock (m)",NA,"SS CORE(10cm inner dia)",NA,NA,"STA MARSH","Agreement 4600003883 Del A2.1 and A2.2...xls",NA,NA,"DB LABS","W281086",NA,"TP","DBE SOP TP",2019-07-19,922,"mg/kg",50,200,NA,NA,NA,2035230
"111",2035230,"W281086",2019-04-11 14:50:00,"1WC8_E4",NA,"STA1W",NA,"SOIL NUTRIENT",NA,"STA P DYNAMICS","STA CELL",0.84,"Surficial soil type - Muck; Depth = total depth to bedrock (m)",NA,"SS CORE(10cm inner dia)",NA,NA,"STA MARSH","Agreement 4600003883 Del A2.1 and A2.2...xls",NA,NA,"DB LABS","W281086",NA,"TN","DBE SOP MVP",2019-07-31,2.53,"%",0.085,0.34,NA,NA,NA,2035230
"112",2035230,"W281086",2019-04-11 14:50:00,"1WC8_E4",NA,"STA1W",NA,"SOIL NUTRIENT",NA,"STA P DYNAMICS","STA CELL",0.84,"Surficial soil type - Muck; Depth = total depth to bedrock (m)",NA,"SS CORE(10cm inner dia)",NA,NA,"STA MARSH","Agreement 4600003883 Del A2.1 and A2.2...xls",NA,NA,"DB LABS","W281086",NA,"TC","DBE SOP MVP",2019-07-31,44.6,"%",0.121,0.484,NA,NA,NA,2035230
"113",2035230,"W281086",2019-04-11 14:50:00,"1WC8_E4",NA,"STA1W",NA,"SOIL NUTRIENT",NA,"STA P DYNAMICS","STA CELL",0.84,"Surficial soil type - Muck; Depth = total depth to bedrock (m)",NA,"SS CORE(10cm inner dia)",NA,NA,"STA MARSH","Agreement 4600003883 Del A2.1 and A2.2...xls",NA,NA,"DB LABS","W281086",NA,"TOTAL CA","EPA/SW 3050B, EPA/SW7140",2019-07-17,57000,"mg/kg",3000,12000,NA,NA,NA,2035230
"114",2035230,"W281086",2019-04-11 14:50:00,"1WC8_E4",NA,"STA1W",NA,"SOIL NUTRIENT",NA,"STA P DYNAMICS","STA CELL",0.84,"Surficial soil type - Muck; Depth = total depth to bedrock (m)",NA,"SS CORE(10cm inner dia)",NA,NA,"STA MARSH","Agreement 4600003883 Del A2.1 and A2.2...xls",NA,NA,"DB LABS","W281086",NA,"AFDW","EPA/COE 3-59",2019-05-16,80.9,"%",1.35,5.4,NA,NA,NA,2035230
